[
    {
        "0": "发病年龄",
        "1": "发病部位",
        "2": "遗传因素",
        "3": "多发地区",
        "4": "多发季节",
        "5": "高危因素",
        "6": "筛查",
        "7": "临床表现",
        "8": "传播途径",
        "9": "病理分型",
        "10": "发病性别倾向",
        "11": "药物治疗",
        "12": "放射治疗",
        "13": "发病机制",
        "14": "多发群体",
        "15": "就诊科室",
        "16": "辅助检查",
        "17": "组织学检查",
        "18": "相关（转化）",
        "19": "阶段",
        "20": "治疗后症状",
        "21": "侵及周围组织转移的症状",
        "22": "鉴别诊断",
        "23": "化疗",
        "24": "预防",
        "25": "同义词",
        "26": "相关（症状）",
        "27": "转移部位",
        "28": "死亡率",
        "29": "病理生理",
        "30": "实验室检查",
        "31": "病史",
        "32": "预后状况",
        "33": "手术治疗",
        "34": "并发症",
        "35": "内窥镜检查",
        "36": "外侵部位",
        "37": "相关（导致）",
        "38": "病因",
        "39": "影像学检查",
        "40": "预后生存率",
        "41": "风险评估因素",
        "42": "辅助治疗",
        "43": "发病率"
    },
    {
        "发病年龄": 0,
        "发病部位": 1,
        "遗传因素": 2,
        "多发地区": 3,
        "多发季节": 4,
        "高危因素": 5,
        "筛查": 6,
        "临床表现": 7,
        "传播途径": 8,
        "病理分型": 9,
        "发病性别倾向": 10,
        "药物治疗": 11,
        "放射治疗": 12,
        "发病机制": 13,
        "多发群体": 14,
        "就诊科室": 15,
        "辅助检查": 16,
        "组织学检查": 17,
        "相关（转化）": 18,
        "阶段": 19,
        "治疗后症状": 20,
        "侵及周围组织转移的症状": 21,
        "鉴别诊断": 22,
        "化疗": 23,
        "预防": 24,
        "同义词": 25,
        "相关（症状）": 26,
        "转移部位": 27,
        "死亡率": 28,
        "病理生理": 29,
        "实验室检查": 30,
        "病史": 31,
        "预后状况": 32,
        "手术治疗": 33,
        "并发症": 34,
        "内窥镜检查": 35,
        "外侵部位": 36,
        "相关（导致）": 37,
        "病因": 38,
        "影像学检查": 39,
        "预后生存率": 40,
        "风险评估因素": 41,
        "辅助治疗": 42,
        "发病率": 43
    }
]